"case_id","activity","arrival","start","complete","resource","instance_id"
1,"A",2018-08-17 10:25:01,2018-08-17 10:25:01,2018-08-17 10:30:34,"WorkerA_#0",1
1,"B",2018-08-17 10:52:32,2018-08-17 10:52:32,2018-08-17 10:56:05,"WorkerB_#0",2
1,"C",2018-08-17 10:56:05,2018-08-17 10:56:05,2018-08-17 11:00:38,"WorkerC_#0",3
1,"D",2018-08-17 11:00:38,2018-08-17 11:00:38,2018-08-17 11:03:11,"WorkerD_#0",4
1,"E",2018-08-17 11:03:11,2018-08-17 11:03:11,2018-08-17 11:05:22,"WorkerE_#1",5
1,"F",2018-08-17 11:05:22,2018-08-17 11:05:22,2018-08-17 11:07:33,"WorkerF_#1",6
1,"G",2018-08-17 11:07:33,2018-08-17 11:07:33,2018-08-17 11:10:06,"WorkerG_#0",7
1,"H",2018-08-17 11:10:06,2018-08-17 11:10:06,2018-08-17 11:12:39,"WorkerH_#0",8
2,"A",2018-08-17 10:36:34,2018-08-17 10:36:34,2018-08-17 10:41:45,"WorkerA_#1",9
2,"B",2018-08-17 10:52:32,2018-08-17 10:52:32,2018-08-17 10:56:05,"WorkerB_#0",10
2,"C",2018-08-17 10:56:05,2018-08-17 10:56:05,2018-08-17 11:00:38,"WorkerC_#0",11
2,"D",2018-08-17 11:00:38,2018-08-17 11:00:38,2018-08-17 11:02:49,"WorkerD_#1",12
2,"E",2018-08-17 11:02:49,2018-08-17 11:02:49,2018-08-17 11:05:22,"WorkerE_#0",13
2,"F",2018-08-17 11:05:22,2018-08-17 11:05:22,2018-08-17 11:07:55,"WorkerF_#0",14
2,"G",2018-08-17 11:07:55,2018-08-17 11:07:55,2018-08-17 11:10:06,"WorkerG_#1",15
2,"H",2018-08-17 11:10:06,2018-08-17 11:10:06,2018-08-17 11:12:17,"WorkerH_#1",16
3,"A",2018-08-17 10:47:45,2018-08-17 10:47:45,2018-08-17 10:52:32,"WorkerA_#0",17
3,"B",2018-08-17 10:52:32,2018-08-17 10:52:32,2018-08-17 10:56:05,"WorkerB_#0",18
3,"C",2018-08-17 10:56:05,2018-08-17 10:56:05,2018-08-17 11:00:38,"WorkerC_#0",19
3,"D",2018-08-17 11:00:38,2018-08-17 11:02:49,2018-08-17 11:04:36,"WorkerD_#1",20
3,"E",2018-08-17 11:04:36,2018-08-17 11:05:22,2018-08-17 11:07:09,"WorkerE_#0",21
3,"F",2018-08-17 11:07:09,2018-08-17 11:07:33,2018-08-17 11:09:20,"WorkerF_#1",22
3,"G",2018-08-17 11:09:20,2018-08-17 11:10:06,2018-08-17 11:11:53,"WorkerG_#0",23
3,"H",2018-08-17 11:11:53,2018-08-17 11:12:17,2018-08-17 11:14:04,"WorkerH_#1",24
4,"A",2018-08-17 10:58:32,2018-08-17 10:58:32,2018-08-17 11:04:13,"WorkerA_#1",25
4,"B",2018-08-17 11:26:25,2018-08-17 11:26:25,2018-08-17 11:29:36,"WorkerB_#1",26
4,"C",2018-08-17 11:29:36,2018-08-17 11:29:36,2018-08-17 11:33:47,"WorkerC_#1",27
4,"D",2018-08-17 11:33:47,2018-08-17 11:33:47,2018-08-17 11:36:28,"WorkerD_#0",28
4,"E",2018-08-17 11:36:28,2018-08-17 11:36:28,2018-08-17 11:39:09,"WorkerE_#1",29
4,"F",2018-08-17 11:39:09,2018-08-17 11:39:09,2018-08-17 11:41:50,"WorkerF_#0",30
4,"G",2018-08-17 11:41:50,2018-08-17 11:41:50,2018-08-17 11:44:31,"WorkerG_#1",31
4,"H",2018-08-17 11:44:31,2018-08-17 11:44:31,2018-08-17 11:47:12,"WorkerH_#0",32
5,"A",2018-08-17 11:10:13,2018-08-17 11:10:13,2018-08-17 11:15:56,"WorkerA_#0",33
5,"B",2018-08-17 11:26:25,2018-08-17 11:26:25,2018-08-17 11:29:36,"WorkerB_#1",34
5,"C",2018-08-17 11:29:36,2018-08-17 11:29:36,2018-08-17 11:33:47,"WorkerC_#1",35
5,"D",2018-08-17 11:33:47,2018-08-17 11:33:47,2018-08-17 11:36:30,"WorkerD_#1",36
5,"E",2018-08-17 11:36:30,2018-08-17 11:36:30,2018-08-17 11:39:13,"WorkerE_#0",37
5,"F",2018-08-17 11:39:13,2018-08-17 11:39:13,2018-08-17 11:41:56,"WorkerF_#1",38
5,"G",2018-08-17 11:41:56,2018-08-17 11:41:56,2018-08-17 11:44:39,"WorkerG_#0",39
5,"H",2018-08-17 11:44:39,2018-08-17 11:44:39,2018-08-17 11:47:22,"WorkerH_#1",40
6,"A",2018-08-17 11:21:56,2018-08-17 11:21:56,2018-08-17 11:26:25,"WorkerA_#1",41
6,"B",2018-08-17 11:26:25,2018-08-17 11:26:25,2018-08-17 11:29:36,"WorkerB_#1",42
6,"C",2018-08-17 11:29:36,2018-08-17 11:29:36,2018-08-17 11:33:47,"WorkerC_#1",43
6,"D",2018-08-17 11:33:47,2018-08-17 11:36:28,2018-08-17 11:37:57,"WorkerD_#0",44
6,"E",2018-08-17 11:37:57,2018-08-17 11:39:09,2018-08-17 11:40:38,"WorkerE_#1",45
6,"F",2018-08-17 11:40:38,2018-08-17 11:41:50,2018-08-17 11:43:19,"WorkerF_#0",46
6,"G",2018-08-17 11:43:19,2018-08-17 11:44:31,2018-08-17 11:46:00,"WorkerG_#1",47
6,"H",2018-08-17 11:46:00,2018-08-17 11:47:12,2018-08-17 11:48:41,"WorkerH_#0",48
7,"A",2018-08-17 11:32:25,2018-08-17 11:32:25,2018-08-17 11:36:56,"WorkerA_#0",49
7,"B",2018-08-17 11:57:17,2018-08-17 11:57:17,2018-08-17 12:00:04,"WorkerB_#0",50
7,"C",2018-08-17 12:00:04,2018-08-17 12:00:04,2018-08-17 12:03:51,"WorkerC_#0",51
7,"D",2018-08-17 12:03:51,2018-08-17 12:03:51,2018-08-17 12:05:22,"WorkerD_#1",52
7,"E",2018-08-17 12:05:22,2018-08-17 12:05:22,2018-08-17 12:06:22,"WorkerE_#1",53
7,"F",2018-08-17 12:06:22,2018-08-17 12:06:22,2018-08-17 12:07:22,"WorkerF_#0",54
7,"G",2018-08-17 12:07:22,2018-08-17 12:07:22,2018-08-17 12:08:53,"WorkerG_#0",55
7,"H",2018-08-17 12:08:53,2018-08-17 12:08:53,2018-08-17 12:10:24,"WorkerH_#1",56
8,"A",2018-08-17 11:42:56,2018-08-17 11:42:56,2018-08-17 11:46:56,"WorkerA_#1",57
8,"B",2018-08-17 11:57:17,2018-08-17 11:57:17,2018-08-17 12:00:04,"WorkerB_#0",58
8,"C",2018-08-17 12:00:04,2018-08-17 12:00:04,2018-08-17 12:03:51,"WorkerC_#0",59
8,"D",2018-08-17 12:03:51,2018-08-17 12:03:51,2018-08-17 12:04:51,"WorkerD_#0",60
8,"E",2018-08-17 12:04:51,2018-08-17 12:04:51,2018-08-17 12:06:22,"WorkerE_#0",61
8,"F",2018-08-17 12:06:22,2018-08-17 12:06:22,2018-08-17 12:07:53,"WorkerF_#1",62
8,"G",2018-08-17 12:07:53,2018-08-17 12:07:53,2018-08-17 12:08:53,"WorkerG_#1",63
8,"H",2018-08-17 12:08:53,2018-08-17 12:08:53,2018-08-17 12:09:53,"WorkerH_#0",64
9,"A",2018-08-17 11:52:56,2018-08-17 11:52:56,2018-08-17 11:57:17,"WorkerA_#0",65
9,"B",2018-08-17 11:57:17,2018-08-17 11:57:17,2018-08-17 12:00:04,"WorkerB_#0",66
9,"C",2018-08-17 12:00:04,2018-08-17 12:00:04,2018-08-17 12:03:51,"WorkerC_#0",67
9,"D",2018-08-17 12:03:51,2018-08-17 12:04:51,2018-08-17 12:06:12,"WorkerD_#0",68
9,"E",2018-08-17 12:06:12,2018-08-17 12:06:22,2018-08-17 12:07:43,"WorkerE_#0",69
9,"F",2018-08-17 12:07:43,2018-08-17 12:07:43,2018-08-17 12:09:04,"WorkerF_#0",70
9,"G",2018-08-17 12:09:04,2018-08-17 12:09:04,2018-08-17 12:10:25,"WorkerG_#0",71
9,"H",2018-08-17 12:10:25,2018-08-17 12:10:25,2018-08-17 12:11:46,"WorkerH_#0",72
10,"A",2018-08-17 12:03:17,2018-08-17 12:03:17,2018-08-17 12:07:43,"WorkerA_#1",73
10,"B",2018-08-17 12:29:52,2018-08-17 12:29:52,2018-08-17 12:33:33,"WorkerB_#1",74
10,"C",2018-08-17 12:33:33,2018-08-17 12:33:33,2018-08-17 12:38:14,"WorkerC_#1",75
10,"D",2018-08-17 12:38:14,2018-08-17 12:38:14,2018-08-17 12:39:40,"WorkerD_#1",76
10,"E",2018-08-17 12:39:40,2018-08-17 12:39:40,2018-08-17 12:41:06,"WorkerE_#1",77
10,"F",2018-08-17 12:41:06,2018-08-17 12:41:06,2018-08-17 12:42:32,"WorkerF_#1",78
10,"G",2018-08-17 12:42:32,2018-08-17 12:42:32,2018-08-17 12:43:58,"WorkerG_#1",79
10,"H",2018-08-17 12:43:58,2018-08-17 12:43:58,2018-08-17 12:45:24,"WorkerH_#1",80
11,"A",2018-08-17 12:13:43,2018-08-17 12:13:43,2018-08-17 12:19:03,"WorkerA_#0",81
11,"B",2018-08-17 12:29:52,2018-08-17 12:29:52,2018-08-17 12:33:33,"WorkerB_#1",82
11,"C",2018-08-17 12:33:33,2018-08-17 12:33:33,2018-08-17 12:38:14,"WorkerC_#1",83
11,"D",2018-08-17 12:38:14,2018-08-17 12:38:14,2018-08-17 12:40:34,"WorkerD_#0",84
11,"E",2018-08-17 12:40:34,2018-08-17 12:40:34,2018-08-17 12:42:54,"WorkerE_#0",85
11,"F",2018-08-17 12:42:54,2018-08-17 12:42:54,2018-08-17 12:45:14,"WorkerF_#0",86
11,"G",2018-08-17 12:45:14,2018-08-17 12:45:14,2018-08-17 12:47:03,"WorkerG_#1",87
11,"H",2018-08-17 12:47:03,2018-08-17 12:47:03,2018-08-17 12:49:23,"WorkerH_#0",88
12,"A",2018-08-17 12:25:03,2018-08-17 12:25:03,2018-08-17 12:29:52,"WorkerA_#1",89
12,"B",2018-08-17 12:29:52,2018-08-17 12:29:52,2018-08-17 12:33:33,"WorkerB_#1",90
12,"C",2018-08-17 12:33:33,2018-08-17 12:33:33,2018-08-17 12:38:14,"WorkerC_#1",91
12,"D",2018-08-17 12:38:14,2018-08-17 12:39:40,2018-08-17 12:41:29,"WorkerD_#1",92
12,"E",2018-08-17 12:41:29,2018-08-17 12:41:29,2018-08-17 12:43:18,"WorkerE_#1",93
12,"F",2018-08-17 12:43:18,2018-08-17 12:43:18,2018-08-17 12:45:07,"WorkerF_#1",94
12,"G",2018-08-17 12:45:07,2018-08-17 12:45:07,2018-08-17 12:47:27,"WorkerG_#0",95
12,"H",2018-08-17 12:47:27,2018-08-17 12:47:27,2018-08-17 12:49:16,"WorkerH_#1",96
13,"A",2018-08-17 12:35:52,2018-08-17 12:35:52,2018-08-17 12:39:52,"WorkerA_#0",97
13,"B",2018-08-17 13:02:08,2018-08-17 13:02:08,2018-08-17 13:05:51,"WorkerB_#0",98
13,"C",2018-08-17 13:05:51,2018-08-17 13:05:51,2018-08-17 13:10:34,"WorkerC_#0",99
13,"D",2018-08-17 13:10:34,2018-08-17 13:10:34,2018-08-17 13:11:34,"WorkerD_#0",100
13,"E",2018-08-17 13:11:34,2018-08-17 13:11:34,2018-08-17 13:12:34,"WorkerE_#0",101
13,"F",2018-08-17 13:12:34,2018-08-17 13:12:34,2018-08-17 13:13:34,"WorkerF_#1",102
13,"G",2018-08-17 13:13:34,2018-08-17 13:13:34,2018-08-17 13:14:34,"WorkerG_#1",103
13,"H",2018-08-17 13:14:34,2018-08-17 13:14:34,2018-08-17 13:15:34,"WorkerH_#1",104
14,"A",2018-08-17 12:45:52,2018-08-17 12:45:52,2018-08-17 12:50:35,"WorkerA_#1",105
14,"B",2018-08-17 13:02:08,2018-08-17 13:02:08,2018-08-17 13:05:51,"WorkerB_#0",106
14,"C",2018-08-17 13:05:51,2018-08-17 13:05:51,2018-08-17 13:10:34,"WorkerC_#0",107
14,"D",2018-08-17 13:10:34,2018-08-17 13:10:34,2018-08-17 13:12:17,"WorkerD_#1",108
14,"E",2018-08-17 13:12:17,2018-08-17 13:12:17,2018-08-17 13:14:00,"WorkerE_#1",109
14,"F",2018-08-17 13:14:00,2018-08-17 13:14:00,2018-08-17 13:15:43,"WorkerF_#0",110
14,"G",2018-08-17 13:15:43,2018-08-17 13:15:43,2018-08-17 13:17:26,"WorkerG_#0",111
14,"H",2018-08-17 13:17:26,2018-08-17 13:17:26,2018-08-17 13:19:09,"WorkerH_#0",112
15,"A",2018-08-17 12:56:35,2018-08-17 12:56:35,2018-08-17 13:02:08,"WorkerA_#0",113
15,"B",2018-08-17 13:02:08,2018-08-17 13:02:08,2018-08-17 13:05:51,"WorkerB_#0",114
15,"C",2018-08-17 13:05:51,2018-08-17 13:05:51,2018-08-17 13:10:34,"WorkerC_#0",115
15,"D",2018-08-17 13:10:34,2018-08-17 13:11:34,2018-08-17 13:14:07,"WorkerD_#0",116
15,"E",2018-08-17 13:14:07,2018-08-17 13:14:07,2018-08-17 13:16:40,"WorkerE_#0",117
15,"F",2018-08-17 13:16:40,2018-08-17 13:16:40,2018-08-17 13:19:13,"WorkerF_#1",118
15,"G",2018-08-17 13:19:13,2018-08-17 13:19:13,2018-08-17 13:21:46,"WorkerG_#1",119
15,"H",2018-08-17 13:21:46,2018-08-17 13:21:46,2018-08-17 13:24:19,"WorkerH_#1",120
16,"A",2018-08-17 13:08:08,2018-08-17 13:08:08,2018-08-17 13:12:51,"WorkerA_#1",121
16,"B",2018-08-17 13:34:12,2018-08-17 13:34:12,2018-08-17 13:36:41,"WorkerB_#1",122
16,"C",2018-08-17 13:36:41,2018-08-17 13:36:41,2018-08-17 13:40:10,"WorkerC_#1",123
16,"D",2018-08-17 13:40:10,2018-08-17 13:40:10,2018-08-17 13:41:53,"WorkerD_#1",124
16,"E",2018-08-17 13:41:53,2018-08-17 13:41:53,2018-08-17 13:43:10,"WorkerE_#0",125
16,"F",2018-08-17 13:43:10,2018-08-17 13:43:10,2018-08-17 13:44:27,"WorkerF_#1",126
16,"G",2018-08-17 13:44:27,2018-08-17 13:44:27,2018-08-17 13:46:10,"WorkerG_#0",127
16,"H",2018-08-17 13:46:10,2018-08-17 13:46:10,2018-08-17 13:47:53,"WorkerH_#0",128
17,"A",2018-08-17 13:18:51,2018-08-17 13:18:51,2018-08-17 13:23:08,"WorkerA_#0",129
17,"B",2018-08-17 13:34:12,2018-08-17 13:34:12,2018-08-17 13:36:41,"WorkerB_#1",130
17,"C",2018-08-17 13:36:41,2018-08-17 13:36:41,2018-08-17 13:40:10,"WorkerC_#1",131
17,"D",2018-08-17 13:40:10,2018-08-17 13:40:10,2018-08-17 13:41:27,"WorkerD_#0",132
17,"E",2018-08-17 13:41:27,2018-08-17 13:41:27,2018-08-17 13:43:10,"WorkerE_#1",133
17,"F",2018-08-17 13:43:10,2018-08-17 13:43:10,2018-08-17 13:44:53,"WorkerF_#0",134
17,"G",2018-08-17 13:44:53,2018-08-17 13:44:53,2018-08-17 13:46:10,"WorkerG_#1",135
17,"H",2018-08-17 13:46:10,2018-08-17 13:46:10,2018-08-17 13:47:27,"WorkerH_#1",136
18,"A",2018-08-17 13:29:08,2018-08-17 13:29:08,2018-08-17 13:34:12,"WorkerA_#1",137
18,"B",2018-08-17 13:34:12,2018-08-17 13:34:12,2018-08-17 13:36:41,"WorkerB_#1",138
18,"C",2018-08-17 13:36:41,2018-08-17 13:36:41,2018-08-17 13:40:10,"WorkerC_#1",139
18,"D",2018-08-17 13:40:10,2018-08-17 13:41:27,2018-08-17 13:43:31,"WorkerD_#0",140
18,"E",2018-08-17 13:43:31,2018-08-17 13:43:31,2018-08-17 13:45:35,"WorkerE_#1",141
18,"F",2018-08-17 13:45:35,2018-08-17 13:45:35,2018-08-17 13:47:39,"WorkerF_#1",142
18,"G",2018-08-17 13:47:39,2018-08-17 13:47:39,2018-08-17 13:49:43,"WorkerG_#0",143
18,"H",2018-08-17 13:49:43,2018-08-17 13:49:43,2018-08-17 13:51:47,"WorkerH_#1",144
19,"A",2018-08-17 13:40:12,2018-08-17 13:40:12,2018-08-17 13:46:01,"WorkerA_#0",145
19,"B",2018-08-17 14:08:44,2018-08-17 14:08:44,2018-08-17 14:11:15,"WorkerB_#0",146
19,"C",2018-08-17 14:11:15,2018-08-17 14:11:15,2018-08-17 14:14:46,"WorkerC_#0",147
19,"D",2018-08-17 14:14:46,2018-08-17 14:14:46,2018-08-17 14:17:35,"WorkerD_#1",148
19,"E",2018-08-17 14:17:35,2018-08-17 14:17:35,2018-08-17 14:20:01,"WorkerE_#1",149
19,"F",2018-08-17 14:20:01,2018-08-17 14:20:01,2018-08-17 14:22:27,"WorkerF_#1",150
19,"G",2018-08-17 14:22:27,2018-08-17 14:22:27,2018-08-17 14:25:16,"WorkerG_#1",151
19,"H",2018-08-17 14:25:16,2018-08-17 14:25:16,2018-08-17 14:28:05,"WorkerH_#0",152
20,"A",2018-08-17 13:52:01,2018-08-17 13:52:01,2018-08-17 13:57:27,"WorkerA_#1",153
20,"B",2018-08-17 14:08:44,2018-08-17 14:08:44,2018-08-17 14:11:15,"WorkerB_#0",154
20,"C",2018-08-17 14:11:15,2018-08-17 14:11:15,2018-08-17 14:14:46,"WorkerC_#0",155
20,"D",2018-08-17 14:14:46,2018-08-17 14:14:46,2018-08-17 14:17:12,"WorkerD_#0",156
20,"E",2018-08-17 14:17:12,2018-08-17 14:17:12,2018-08-17 14:20:01,"WorkerE_#0",157
20,"F",2018-08-17 14:20:01,2018-08-17 14:20:01,2018-08-17 14:22:50,"WorkerF_#0",158
20,"G",2018-08-17 14:22:50,2018-08-17 14:22:50,2018-08-17 14:25:16,"WorkerG_#0",159
20,"H",2018-08-17 14:25:16,2018-08-17 14:25:16,2018-08-17 14:27:42,"WorkerH_#1",160
21,"A",2018-08-17 14:03:27,2018-08-17 14:03:27,2018-08-17 14:08:44,"WorkerA_#0",161
21,"B",2018-08-17 14:08:44,2018-08-17 14:08:44,2018-08-17 14:11:15,"WorkerB_#0",162
21,"C",2018-08-17 14:11:15,2018-08-17 14:11:15,2018-08-17 14:14:46,"WorkerC_#0",163
21,"D",2018-08-17 14:14:46,2018-08-17 14:17:12,2018-08-17 14:19:29,"WorkerD_#0",164
21,"E",2018-08-17 14:19:29,2018-08-17 14:20:01,2018-08-17 14:22:18,"WorkerE_#0",165
21,"F",2018-08-17 14:22:18,2018-08-17 14:22:27,2018-08-17 14:24:44,"WorkerF_#1",166
21,"G",2018-08-17 14:24:44,2018-08-17 14:25:16,2018-08-17 14:27:33,"WorkerG_#1",167
21,"H",2018-08-17 14:27:33,2018-08-17 14:27:42,2018-08-17 14:29:59,"WorkerH_#1",168
22,"A",2018-08-17 14:14:44,2018-08-17 14:14:44,2018-08-17 14:18:55,"WorkerA_#1",169
22,"B",2018-08-17 14:41:34,2018-08-17 14:41:34,2018-08-17 14:43:34,"WorkerB_#1",170
22,"C",2018-08-17 14:43:34,2018-08-17 14:43:34,2018-08-17 14:46:34,"WorkerC_#1",171
22,"D",2018-08-17 14:46:34,2018-08-17 14:46:34,2018-08-17 14:47:45,"WorkerD_#1",172
22,"E",2018-08-17 14:47:45,2018-08-17 14:47:45,2018-08-17 14:48:56,"WorkerE_#1",173
22,"F",2018-08-17 14:48:56,2018-08-17 14:48:56,2018-08-17 14:50:07,"WorkerF_#0",174
22,"G",2018-08-17 14:50:07,2018-08-17 14:50:07,2018-08-17 14:51:18,"WorkerG_#0",175
22,"H",2018-08-17 14:51:18,2018-08-17 14:51:18,2018-08-17 14:52:29,"WorkerH_#0",176
23,"A",2018-08-17 14:24:55,2018-08-17 14:24:55,2018-08-17 14:30:38,"WorkerA_#0",177
23,"B",2018-08-17 14:41:34,2018-08-17 14:41:34,2018-08-17 14:43:34,"WorkerB_#1",178
23,"C",2018-08-17 14:43:34,2018-08-17 14:43:34,2018-08-17 14:46:34,"WorkerC_#1",179
23,"D",2018-08-17 14:46:34,2018-08-17 14:46:34,2018-08-17 14:49:17,"WorkerD_#0",180
23,"E",2018-08-17 14:49:17,2018-08-17 14:49:17,2018-08-17 14:52:00,"WorkerE_#0",181
23,"F",2018-08-17 14:52:00,2018-08-17 14:52:00,2018-08-17 14:53:56,"WorkerF_#0",182
23,"G",2018-08-17 14:53:56,2018-08-17 14:53:56,2018-08-17 14:56:39,"WorkerG_#1",183
23,"H",2018-08-17 14:56:39,2018-08-17 14:56:39,2018-08-17 14:58:35,"WorkerH_#0",184
24,"A",2018-08-17 14:36:38,2018-08-17 14:36:38,2018-08-17 14:41:34,"WorkerA_#1",185
24,"B",2018-08-17 14:41:34,2018-08-17 14:41:34,2018-08-17 14:43:34,"WorkerB_#1",186
24,"C",2018-08-17 14:43:34,2018-08-17 14:43:34,2018-08-17 14:46:34,"WorkerC_#1",187
24,"D",2018-08-17 14:46:34,2018-08-17 14:47:45,2018-08-17 14:49:41,"WorkerD_#1",188
24,"E",2018-08-17 14:49:41,2018-08-17 14:49:41,2018-08-17 14:51:37,"WorkerE_#1",189
24,"F",2018-08-17 14:51:37,2018-08-17 14:51:37,2018-08-17 14:54:20,"WorkerF_#1",190
24,"G",2018-08-17 14:54:20,2018-08-17 14:54:20,2018-08-17 14:56:16,"WorkerG_#0",191
24,"H",2018-08-17 14:56:16,2018-08-17 14:56:16,2018-08-17 14:58:59,"WorkerH_#1",192
25,"A",2018-08-17 14:47:34,2018-08-17 14:47:34,2018-08-17 14:52:24,"WorkerA_#0",193
25,"B",2018-08-17 15:14:08,2018-08-17 15:14:08,2018-08-17 15:16:29,"WorkerB_#0",194
25,"C",2018-08-17 15:16:29,2018-08-17 15:16:29,2018-08-17 15:19:50,"WorkerC_#0",195
25,"D",2018-08-17 15:19:50,2018-08-17 15:19:50,2018-08-17 15:21:40,"WorkerD_#0",196
25,"E",2018-08-17 15:21:40,2018-08-17 15:21:40,2018-08-17 15:23:30,"WorkerE_#1",197
25,"F",2018-08-17 15:23:30,2018-08-17 15:23:30,2018-08-17 15:25:20,"WorkerF_#0",198
25,"G",2018-08-17 15:25:20,2018-08-17 15:25:20,2018-08-17 15:27:10,"WorkerG_#0",199
25,"H",2018-08-17 15:27:10,2018-08-17 15:27:10,2018-08-17 15:29:00,"WorkerH_#0",200
26,"A",2018-08-17 14:58:24,2018-08-17 14:58:24,2018-08-17 15:04:02,"WorkerA_#1",201
26,"B",2018-08-17 15:14:08,2018-08-17 15:14:08,2018-08-17 15:16:29,"WorkerB_#0",202
26,"C",2018-08-17 15:16:29,2018-08-17 15:16:29,2018-08-17 15:19:50,"WorkerC_#0",203
26,"D",2018-08-17 15:19:50,2018-08-17 15:19:50,2018-08-17 15:22:28,"WorkerD_#1",204
26,"E",2018-08-17 15:22:28,2018-08-17 15:22:28,2018-08-17 15:25:06,"WorkerE_#0",205
26,"F",2018-08-17 15:25:06,2018-08-17 15:25:20,2018-08-17 15:26:26,"WorkerF_#0",206
26,"G",2018-08-17 15:26:26,2018-08-17 15:26:26,2018-08-17 15:29:04,"WorkerG_#1",207
26,"H",2018-08-17 15:29:04,2018-08-17 15:29:04,2018-08-17 15:30:10,"WorkerH_#0",208
27,"A",2018-08-17 15:10:02,2018-08-17 15:10:02,2018-08-17 15:14:08,"WorkerA_#0",209
27,"B",2018-08-17 15:14:08,2018-08-17 15:14:08,2018-08-17 15:16:29,"WorkerB_#0",210
27,"C",2018-08-17 15:16:29,2018-08-17 15:16:29,2018-08-17 15:19:50,"WorkerC_#0",211
27,"D",2018-08-17 15:19:50,2018-08-17 15:21:40,2018-08-17 15:22:46,"WorkerD_#0",212
27,"E",2018-08-17 15:22:46,2018-08-17 15:23:30,2018-08-17 15:24:36,"WorkerE_#1",213
27,"F",2018-08-17 15:24:36,2018-08-17 15:24:36,2018-08-17 15:27:14,"WorkerF_#1",214
27,"G",2018-08-17 15:27:14,2018-08-17 15:27:14,2018-08-17 15:28:20,"WorkerG_#0",215
27,"H",2018-08-17 15:28:20,2018-08-17 15:28:20,2018-08-17 15:30:58,"WorkerH_#1",216
28,"A",2018-08-17 15:20:08,2018-08-17 15:20:08,2018-08-17 15:25:19,"WorkerA_#1",217
28,"B",2018-08-17 15:47:30,2018-08-17 15:47:30,2018-08-17 15:49:56,"WorkerB_#1",218
28,"C",2018-08-17 15:49:56,2018-08-17 15:49:56,2018-08-17 15:53:22,"WorkerC_#1",219
28,"D",2018-08-17 15:53:22,2018-08-17 15:53:22,2018-08-17 15:55:33,"WorkerD_#1",220
28,"E",2018-08-17 15:55:33,2018-08-17 15:55:33,2018-08-17 15:57:44,"WorkerE_#1",221
28,"F",2018-08-17 15:57:44,2018-08-17 15:57:44,2018-08-17 15:59:55,"WorkerF_#0",222
28,"G",2018-08-17 15:59:55,2018-08-17 15:59:55,2018-08-17 16:02:06,"WorkerG_#0",223
28,"H",2018-08-17 16:02:06,2018-08-17 16:02:06,2018-08-17 16:04:17,"WorkerH_#0",224
29,"A",2018-08-17 15:31:19,2018-08-17 15:31:19,2018-08-17 15:36:36,"WorkerA_#0",225
29,"B",2018-08-17 15:47:30,2018-08-17 15:47:30,2018-08-17 15:49:56,"WorkerB_#1",226
29,"C",2018-08-17 15:49:56,2018-08-17 15:49:56,2018-08-17 15:53:22,"WorkerC_#1",227
29,"D",2018-08-17 15:53:22,2018-08-17 15:53:22,2018-08-17 15:55:39,"WorkerD_#0",228
29,"E",2018-08-17 15:55:39,2018-08-17 15:55:39,2018-08-17 15:57:56,"WorkerE_#0",229
29,"F",2018-08-17 15:57:56,2018-08-17 15:57:56,2018-08-17 16:00:13,"WorkerF_#1",230
29,"G",2018-08-17 16:00:13,2018-08-17 16:00:13,2018-08-17 16:02:30,"WorkerG_#1",231
29,"H",2018-08-17 16:02:30,2018-08-17 16:02:30,2018-08-17 16:04:47,"WorkerH_#1",232
30,"A",2018-08-17 15:42:36,2018-08-17 15:42:36,2018-08-17 15:47:30,"WorkerA_#1",233
30,"B",2018-08-17 15:47:30,2018-08-17 15:47:30,2018-08-17 15:49:56,"WorkerB_#1",234
30,"C",2018-08-17 15:49:56,2018-08-17 15:49:56,2018-08-17 15:53:22,"WorkerC_#1",235
30,"D",2018-08-17 15:53:22,2018-08-17 15:55:33,2018-08-17 15:57:27,"WorkerD_#1",236
30,"E",2018-08-17 15:57:27,2018-08-17 15:57:44,2018-08-17 15:59:38,"WorkerE_#1",237
30,"F",2018-08-17 15:59:38,2018-08-17 15:59:55,2018-08-17 16:01:49,"WorkerF_#0",238
30,"G",2018-08-17 16:01:49,2018-08-17 16:02:06,2018-08-17 16:04:00,"WorkerG_#0",239
30,"H",2018-08-17 16:04:00,2018-08-17 16:04:17,2018-08-17 16:06:11,"WorkerH_#0",240
31,"A",2018-08-17 15:53:30,2018-08-17 15:53:30,2018-08-17 15:59:01,"WorkerA_#0",241
31,"B",2018-08-17 16:21:31,2018-08-17 16:21:31,2018-08-17 16:24:51,"WorkerB_#0",242
31,"C",2018-08-17 16:24:51,2018-08-17 16:24:51,2018-08-17 16:29:11,"WorkerC_#0",243
31,"D",2018-08-17 16:29:11,2018-08-17 16:29:11,2018-08-17 16:31:42,"WorkerD_#0",244
31,"E",2018-08-17 16:31:42,2018-08-17 16:31:42,2018-08-17 16:34:11,"WorkerE_#1",245
31,"F",2018-08-17 16:34:11,2018-08-17 16:34:11,2018-08-17 16:36:40,"WorkerF_#0",246
31,"G",2018-08-17 16:36:40,2018-08-17 16:36:40,2018-08-17 16:39:11,"WorkerG_#1",247
31,"H",2018-08-17 16:39:11,2018-08-17 16:39:11,2018-08-17 16:41:42,"WorkerH_#1",248
32,"A",2018-08-17 16:05:01,2018-08-17 16:05:01,2018-08-17 16:10:30,"WorkerA_#1",249
32,"B",2018-08-17 16:21:31,2018-08-17 16:21:31,2018-08-17 16:24:51,"WorkerB_#0",250
32,"C",2018-08-17 16:24:51,2018-08-17 16:24:51,2018-08-17 16:29:11,"WorkerC_#0",251
32,"D",2018-08-17 16:29:11,2018-08-17 16:29:11,2018-08-17 16:31:40,"WorkerD_#1",252
32,"E",2018-08-17 16:31:40,2018-08-17 16:31:40,2018-08-17 16:34:11,"WorkerE_#0",253
32,"F",2018-08-17 16:34:11,2018-08-17 16:34:11,2018-08-17 16:36:42,"WorkerF_#1",254
32,"G",2018-08-17 16:36:42,2018-08-17 16:36:42,2018-08-17 16:39:11,"WorkerG_#0",255
32,"H",2018-08-17 16:39:11,2018-08-17 16:39:11,2018-08-17 16:41:40,"WorkerH_#0",256
33,"A",2018-08-17 16:16:30,2018-08-17 16:16:30,2018-08-17 16:21:31,"WorkerA_#0",257
33,"B",2018-08-17 16:21:31,2018-08-17 16:21:31,2018-08-17 16:24:51,"WorkerB_#0",258
33,"C",2018-08-17 16:24:51,2018-08-17 16:24:51,2018-08-17 16:29:11,"WorkerC_#0",259
33,"D",2018-08-17 16:29:11,2018-08-17 16:31:40,2018-08-17 16:33:41,"WorkerD_#1",260
33,"E",2018-08-17 16:33:41,2018-08-17 16:34:11,2018-08-17 16:36:12,"WorkerE_#0",261
33,"F",2018-08-17 16:36:12,2018-08-17 16:36:40,2018-08-17 16:38:41,"WorkerF_#0",262
33,"G",2018-08-17 16:38:41,2018-08-17 16:39:11,2018-08-17 16:41:12,"WorkerG_#1",263
33,"H",2018-08-17 16:41:12,2018-08-17 16:41:40,2018-08-17 16:43:41,"WorkerH_#0",264
34,"A",NA,2018-09-17 16:30:05,2018-09-17 16:35:48,"WorkerA_#1",265
34,"B",2018-09-17 16:57:31,2018-09-17 16:57:31,2018-09-17 17:01:14,"WorkerB_#1",266
34,"C",2018-09-17 17:06:57,2018-09-17 17:06:57,2018-09-17 17:11:40,"WorkerC_#1",267
34,"D",NA,2018-09-17 17:19:23,2018-09-17 17:22:06,"WorkerD_#1",268
34,"E",NA,2018-09-17 17:22:06,2018-09-17 17:24:38,"WorkerE_#0",269
34,"F",NA,2018-09-17 17:24:38,2018-09-17 17:27:10,"WorkerF_#0",270
34,"G",NA,2018-09-17 17:27:10,2018-09-17 17:29:53,"WorkerG_#0",271
34,"H",NA,2018-09-17 17:29:53,2018-09-17 17:32:36,"WorkerH_#1",272
35,"A",NA,2018-09-17 16:41:48,2018-09-17 16:47:20,"WorkerA_#0",273
35,"B",2018-09-17 17:01:14,2018-09-17 17:01:14,2018-09-17 17:04:46,"WorkerB_#1",274
35,"C",2018-09-17 17:11:40,2018-09-17 17:11:40,2018-09-17 17:16:12,"WorkerC_#1",275
35,"D",NA,2018-09-17 17:19:23,2018-09-17 17:21:55,"WorkerD_#0",276
35,"E",NA,2018-09-17 17:21:55,2018-09-17 17:24:38,"WorkerE_#1",277
35,"F",NA,2018-09-17 17:24:38,2018-09-17 17:27:21,"WorkerF_#1",278
35,"G",NA,2018-09-17 17:27:21,2018-09-17 17:29:53,"WorkerG_#1",279
35,"H",NA,2018-09-17 17:29:53,2018-09-17 17:32:25,"WorkerH_#0",280
36,"A",NA,2018-09-17 16:53:20,2018-09-17 16:57:31,"WorkerA_#1",281
36,"B",2018-09-17 17:04:46,2018-09-17 17:04:46,2018-09-17 17:06:57,"WorkerB_#1",282
36,"C",2018-09-17 17:16:12,2018-09-17 17:16:12,2018-09-17 17:19:23,"WorkerC_#1",283
36,"D",NA,2018-09-17 17:21:55,2018-09-17 17:23:06,"WorkerD_#0",284
36,"E",NA,2018-09-17 17:24:38,2018-09-17 17:25:49,"WorkerE_#1",285
36,"F",NA,2018-09-17 17:27:10,2018-09-17 17:28:21,"WorkerF_#0",286
36,"G",NA,2018-09-17 17:29:53,2018-09-17 17:31:04,"WorkerG_#0",287
36,"H",NA,2018-09-17 17:32:25,2018-09-17 17:33:36,"WorkerH_#0",288
37,"A",NA,2018-09-17 17:03:31,2018-09-17 17:08:35,"WorkerA_#0",289
37,"B",2018-09-17 17:30:20,2018-09-17 17:30:20,2018-09-17 17:33:24,"WorkerB_#0",290
37,"C",2018-09-17 17:39:09,2018-09-17 17:39:09,2018-09-17 17:43:13,"WorkerC_#0",291
37,"D",NA,2018-09-17 17:50:58,2018-09-17 17:53:02,"WorkerD_#1",292
37,"E",NA,2018-09-17 17:53:02,2018-09-17 17:55:06,"WorkerE_#0",293
37,"F",NA,2018-09-17 17:55:06,2018-09-17 17:57:10,"WorkerF_#1",294
37,"G",NA,2018-09-17 17:57:10,2018-09-17 17:59:14,"WorkerG_#1",295
37,"H",NA,2018-09-17 17:59:14,2018-09-17 18:01:18,"WorkerH_#1",296
38,"A",NA,2018-09-17 17:14:35,2018-09-17 17:20:12,"WorkerA_#1",297
38,"B",2018-09-17 17:33:24,2018-09-17 17:33:24,2018-09-17 17:37:01,"WorkerB_#0",298
38,"C",2018-09-17 17:43:13,2018-09-17 17:43:13,2018-09-17 17:47:50,"WorkerC_#0",299
38,"D",NA,2018-09-17 17:50:58,2018-09-17 17:53:35,"WorkerD_#0",300
38,"E",NA,2018-09-17 17:53:35,2018-09-17 17:56:12,"WorkerE_#1",301
38,"F",NA,2018-09-17 17:56:12,2018-09-17 17:58:49,"WorkerF_#0",302
38,"G",NA,2018-09-17 17:59:14,2018-09-17 18:00:22,"WorkerG_#1",303
38,"H",NA,2018-09-17 18:00:22,2018-09-17 18:02:59,"WorkerH_#0",304
39,"A",NA,2018-09-17 17:26:12,2018-09-17 17:30:20,"WorkerA_#0",305
39,"B",2018-09-17 17:37:01,2018-09-17 17:37:01,2018-09-17 17:39:09,"WorkerB_#0",306
39,"C",2018-09-17 17:47:50,2018-09-17 17:47:50,2018-09-17 17:50:58,"WorkerC_#0",307
39,"D",NA,2018-09-17 17:53:02,2018-09-17 17:54:10,"WorkerD_#1",308
39,"E",NA,2018-09-17 17:55:06,2018-09-17 17:56:14,"WorkerE_#0",309
39,"F",NA,2018-09-17 17:57:10,2018-09-17 17:58:18,"WorkerF_#1",310
39,"G",NA,2018-09-17 17:58:18,2018-09-17 18:00:55,"WorkerG_#0",311
39,"H",NA,2018-09-17 18:01:18,2018-09-17 18:02:26,"WorkerH_#1",312
40,"A",NA,2018-09-17 17:36:20,2018-09-17 17:41:49,"WorkerA_#1",313
40,"B",2018-09-17 18:03:03,2018-09-17 18:03:03,2018-09-17 18:06:32,"WorkerB_#1",314
40,"C",2018-09-17 18:11:46,2018-09-17 18:11:46,2018-09-17 18:16:15,"WorkerC_#1",315
40,"D",NA,2018-09-17 18:23:29,2018-09-17 18:25:58,"WorkerD_#0",316
40,"E",NA,2018-09-17 18:25:58,2018-09-17 18:27:54,"WorkerE_#0",317
40,"F",NA,2018-09-17 18:27:54,2018-09-17 18:29:50,"WorkerF_#0",318
40,"G",NA,2018-09-17 18:29:50,2018-09-17 18:32:19,"WorkerG_#1",319
40,"H",NA,2018-09-17 18:32:19,2018-09-17 18:34:48,"WorkerH_#1",320
41,"A",NA,2018-09-17 17:47:49,2018-09-17 17:52:45,"WorkerA_#0",321
41,"B",2018-09-17 18:06:32,2018-09-17 18:06:32,2018-09-17 18:09:28,"WorkerB_#1",322
41,"C",2018-09-17 18:16:15,2018-09-17 18:16:15,2018-09-17 18:20:11,"WorkerC_#1",323
41,"D",NA,2018-09-17 18:23:29,2018-09-17 18:25:25,"WorkerD_#1",324
41,"E",NA,2018-09-17 18:25:25,2018-09-17 18:27:54,"WorkerE_#1",325
41,"F",NA,2018-09-17 18:27:54,2018-09-17 18:30:23,"WorkerF_#1",326
41,"G",NA,2018-09-17 18:30:23,2018-09-17 18:32:19,"WorkerG_#0",327
41,"H",NA,2018-09-17 18:32:19,2018-09-17 18:34:15,"WorkerH_#0",328
42,"A",NA,2018-09-17 17:58:45,2018-09-17 18:03:03,"WorkerA_#1",329
42,"B",2018-09-17 18:09:28,2018-09-17 18:09:28,2018-09-17 18:11:46,"WorkerB_#1",330
42,"C",2018-09-17 18:20:11,2018-09-17 18:20:11,2018-09-17 18:23:29,"WorkerC_#1",331
42,"D",NA,2018-09-17 18:25:25,2018-09-17 18:26:43,"WorkerD_#1",332
42,"E",NA,2018-09-17 18:27:54,2018-09-17 18:29:12,"WorkerE_#1",333
42,"F",NA,2018-09-17 18:29:50,2018-09-17 18:31:08,"WorkerF_#0",334
42,"G",NA,2018-09-17 18:32:19,2018-09-17 18:33:37,"WorkerG_#1",335
42,"H",NA,2018-09-17 18:34:15,2018-09-17 18:35:33,"WorkerH_#0",336
43,"A",NA,2018-09-17 18:09:03,2018-09-17 18:14:24,"WorkerA_#0",337
43,"B",2018-09-17 18:35:56,2018-09-17 18:35:56,2018-09-17 18:39:17,"WorkerB_#0",338
43,"C",2018-09-17 18:44:49,2018-09-17 18:44:49,2018-09-17 18:49:10,"WorkerC_#0",339
43,"D",NA,2018-09-17 18:56:42,2018-09-17 18:59:03,"WorkerD_#0",340
43,"E",NA,2018-09-17 18:59:03,2018-09-17 19:01:14,"WorkerE_#1",341
43,"F",NA,2018-09-17 19:01:14,2018-09-17 19:03:25,"WorkerF_#0",342
43,"G",NA,2018-09-17 19:03:25,2018-09-17 19:05:46,"WorkerG_#0",343
43,"H",NA,2018-09-17 19:05:46,2018-09-17 19:08:07,"WorkerH_#1",344
44,"A",NA,2018-09-17 18:20:24,2018-09-17 18:25:35,"WorkerA_#1",345
44,"B",2018-09-17 18:39:17,2018-09-17 18:39:17,2018-09-17 18:42:28,"WorkerB_#0",346
44,"C",2018-09-17 18:49:10,2018-09-17 18:49:10,2018-09-17 18:53:21,"WorkerC_#0",347
44,"D",NA,2018-09-17 18:56:42,2018-09-17 18:58:53,"WorkerD_#1",348
44,"E",NA,2018-09-17 18:58:53,2018-09-17 19:01:14,"WorkerE_#0",349
44,"F",NA,2018-09-17 19:01:14,2018-09-17 19:03:35,"WorkerF_#1",350
44,"G",NA,2018-09-17 19:03:35,2018-09-17 19:05:46,"WorkerG_#1",351
44,"H",NA,2018-09-17 19:05:46,2018-09-17 19:07:57,"WorkerH_#0",352
45,"A",NA,2018-09-17 18:31:35,2018-09-17 18:35:56,"WorkerA_#0",353
45,"B",2018-09-17 18:42:28,2018-09-17 18:42:28,2018-09-17 18:44:49,"WorkerB_#0",354
45,"C",2018-09-17 18:53:21,2018-09-17 18:53:21,2018-09-17 18:56:42,"WorkerC_#0",355
45,"D",NA,2018-09-17 18:58:53,2018-09-17 19:00:14,"WorkerD_#1",356
45,"E",NA,2018-09-17 19:01:14,2018-09-17 19:02:35,"WorkerE_#0",357
45,"F",NA,2018-09-17 19:03:25,2018-09-17 19:04:46,"WorkerF_#0",358
45,"G",NA,2018-09-17 19:05:46,2018-09-17 19:07:07,"WorkerG_#0",359
45,"H",NA,2018-09-17 19:07:57,2018-09-17 19:09:18,"WorkerH_#0",360
46,"A",NA,2018-09-17 18:41:56,2018-09-17 18:46:19,"WorkerA_#1",361
46,"B",2018-09-17 19:09:27,2018-09-17 19:09:27,2018-09-17 19:11:50,"WorkerB_#1",362
46,"C",2018-09-17 19:18:58,2018-09-17 19:18:58,2018-09-17 19:22:21,"WorkerC_#1",363
46,"D",NA,2018-09-17 19:31:29,2018-09-17 19:32:52,"WorkerD_#0",364
46,"E",NA,2018-09-17 19:32:52,2018-09-17 19:34:15,"WorkerE_#1",365
46,"F",NA,2018-09-17 19:34:15,2018-09-17 19:35:38,"WorkerF_#1",366
46,"G",NA,2018-09-17 19:35:38,2018-09-17 19:37:01,"WorkerG_#1",367
46,"H",NA,2018-09-17 19:37:01,2018-09-17 19:38:24,"WorkerH_#1",368
47,"A",NA,2018-09-17 18:52:19,2018-09-17 18:58:02,"WorkerA_#0",369
47,"B",2018-09-17 19:11:50,2018-09-17 19:11:50,2018-09-17 19:15:33,"WorkerB_#1",370
47,"C",2018-09-17 19:22:21,2018-09-17 19:22:21,2018-09-17 19:27:04,"WorkerC_#1",371
47,"D",NA,2018-09-17 19:31:29,2018-09-17 19:34:12,"WorkerD_#1",372
47,"E",NA,2018-09-17 19:34:12,2018-09-17 19:36:55,"WorkerE_#0",373
47,"F",NA,2018-09-17 19:36:55,2018-09-17 19:39:38,"WorkerF_#0",374
47,"G",NA,2018-09-17 19:39:38,2018-09-17 19:42:21,"WorkerG_#0",375
47,"H",NA,2018-09-17 19:42:21,2018-09-17 19:45:04,"WorkerH_#0",376
48,"A",NA,2018-09-17 19:04:02,2018-09-17 19:09:27,"WorkerA_#1",377
48,"B",2018-09-17 19:15:33,2018-09-17 19:15:33,2018-09-17 19:18:58,"WorkerB_#1",378
48,"C",2018-09-17 19:27:04,2018-09-17 19:27:04,2018-09-17 19:31:29,"WorkerC_#1",379
48,"D",NA,2018-09-17 19:32:52,2018-09-17 19:35:17,"WorkerD_#0",380
48,"E",NA,2018-09-17 19:35:17,2018-09-17 19:37:42,"WorkerE_#1",381
48,"F",NA,2018-09-17 19:37:42,2018-09-17 19:40:07,"WorkerF_#1",382
48,"G",NA,2018-09-17 19:40:07,2018-09-17 19:42:32,"WorkerG_#1",383
48,"H",NA,2018-09-17 19:42:32,2018-09-17 19:44:57,"WorkerH_#1",384
49,"A",NA,2018-09-17 19:15:27,2018-09-17 19:21:09,"WorkerA_#0",385
49,"B",2018-09-17 19:44:34,2018-09-17 19:44:34,2018-09-17 19:48:16,"WorkerB_#0",386
49,"C",2018-09-17 19:55:41,2018-09-17 19:55:41,2018-09-17 20:00:23,"WorkerC_#0",387
49,"D",NA,2018-09-17 20:09:48,2018-09-17 20:12:30,"WorkerD_#1",388
49,"E",NA,2018-09-17 20:12:30,2018-09-17 20:15:12,"WorkerE_#0",389
49,"F",NA,2018-09-17 20:15:12,2018-09-17 20:17:54,"WorkerF_#0",390
49,"G",NA,2018-09-17 20:17:54,2018-09-17 20:20:36,"WorkerG_#0",391
49,"H",NA,2018-09-17 20:20:36,2018-09-17 20:23:18,"WorkerH_#1",392
50,"A",NA,2018-09-17 19:27:09,2018-09-17 19:32:55,"WorkerA_#1",393
50,"B",2018-09-17 19:48:16,2018-09-17 19:48:16,2018-09-17 19:52:02,"WorkerB_#0",394
50,"C",2018-09-17 20:00:23,2018-09-17 20:00:23,2018-09-17 20:05:09,"WorkerC_#0",395
50,"D",NA,2018-09-17 20:09:48,2018-09-17 20:12:34,"WorkerD_#0",396
50,"E",NA,2018-09-17 20:12:34,2018-09-17 20:15:20,"WorkerE_#1",397
50,"F",NA,2018-09-17 20:15:20,2018-09-17 20:18:06,"WorkerF_#1",398
50,"G",NA,2018-09-17 20:18:06,2018-09-17 20:20:52,"WorkerG_#1",399
50,"H",NA,2018-09-17 20:20:52,2018-09-17 20:23:38,"WorkerH_#0",400
51,"A",NA,2018-09-17 19:38:55,2018-09-17 19:44:34,"WorkerA_#0",401
51,"B",2018-09-17 19:52:02,2018-09-17 19:52:02,2018-09-17 19:55:41,"WorkerB_#0",402
51,"C",2018-09-17 20:05:09,2018-09-17 20:05:09,2018-09-17 20:09:48,"WorkerC_#0",403
51,"D",NA,2018-09-17 20:12:30,2018-09-17 20:15:09,"WorkerD_#1",404
51,"E",NA,2018-09-17 20:15:12,2018-09-17 20:17:51,"WorkerE_#0",405
51,"F",NA,2018-09-17 20:17:54,2018-09-17 20:20:33,"WorkerF_#0",406
51,"G",NA,2018-09-17 20:20:36,2018-09-17 20:23:15,"WorkerG_#0",407
51,"H",NA,2018-09-17 20:23:18,2018-09-17 20:25:57,"WorkerH_#1",408
52,"A",NA,2018-09-17 19:50:34,2018-09-17 19:54:58,"WorkerA_#1",409
52,"B",2018-09-17 20:17:19,2018-09-17 20:17:19,2018-09-17 20:19:43,"WorkerB_#1",410
52,"C",2018-09-17 20:26:04,2018-09-17 20:26:04,2018-09-17 20:29:28,"WorkerC_#1",411
52,"D",NA,2018-09-17 20:37:49,2018-09-17 20:39:13,"WorkerD_#0",412
52,"E",NA,2018-09-17 20:39:13,2018-09-17 20:40:37,"WorkerE_#1",413
52,"F",NA,2018-09-17 20:40:37,2018-09-17 20:42:01,"WorkerF_#1",414
52,"G",NA,2018-09-17 20:42:01,2018-09-17 20:43:25,"WorkerG_#1",415
52,"H",NA,2018-09-17 20:43:25,2018-09-17 20:44:49,"WorkerH_#0",416
53,"A",NA,2018-09-17 20:00:58,2018-09-17 20:06:02,"WorkerA_#0",417
53,"B",2018-09-17 20:19:43,2018-09-17 20:19:43,2018-09-17 20:22:47,"WorkerB_#1",418
53,"C",2018-09-17 20:29:28,2018-09-17 20:29:28,2018-09-17 20:33:32,"WorkerC_#1",419
53,"D",NA,2018-09-17 20:37:49,2018-09-17 20:39:53,"WorkerD_#1",420
53,"E",NA,2018-09-17 20:39:53,2018-09-17 20:41:57,"WorkerE_#0",421
53,"F",NA,2018-09-17 20:41:57,2018-09-17 20:44:01,"WorkerF_#0",422
53,"G",NA,2018-09-17 20:44:01,2018-09-17 20:46:05,"WorkerG_#0",423
53,"H",NA,2018-09-17 20:46:05,2018-09-17 20:48:09,"WorkerH_#1",424
54,"A",NA,2018-09-17 20:12:02,2018-09-17 20:17:19,"WorkerA_#1",425
54,"B",2018-09-17 20:22:47,2018-09-17 20:22:47,2018-09-17 20:26:04,"WorkerB_#1",426
54,"C",2018-09-17 20:33:32,2018-09-17 20:33:32,2018-09-17 20:37:49,"WorkerC_#1",427
54,"D",NA,2018-09-17 20:39:13,2018-09-17 20:41:30,"WorkerD_#0",428
54,"E",NA,2018-09-17 20:41:30,2018-09-17 20:43:47,"WorkerE_#1",429
54,"F",NA,2018-09-17 20:43:47,2018-09-17 20:46:04,"WorkerF_#1",430
54,"G",NA,2018-09-17 20:46:04,2018-09-17 20:48:21,"WorkerG_#1",431
54,"H",NA,2018-09-17 20:48:21,2018-09-17 20:50:38,"WorkerH_#0",432
55,"A",NA,2018-09-17 20:23:19,2018-09-17 20:28:26,"WorkerA_#0",433
55,"B",2018-09-17 20:51:06,2018-09-17 20:51:06,2018-09-17 20:54:13,"WorkerB_#0",434
55,"C",2018-09-17 21:00:53,2018-09-17 21:00:53,2018-09-17 21:05:00,"WorkerC_#0",435
55,"D",NA,2018-09-17 21:13:40,2018-09-17 21:15:47,"WorkerD_#1",436
55,"E",NA,2018-09-17 21:15:47,2018-09-17 21:17:51,"WorkerE_#1",437
55,"F",NA,2018-09-17 21:17:51,2018-09-17 21:19:55,"WorkerF_#1",438
55,"G",NA,2018-09-17 21:19:55,2018-09-17 21:22:02,"WorkerG_#0",439
55,"H",NA,2018-09-17 21:22:02,2018-09-17 21:24:09,"WorkerH_#1",440
56,"A",NA,2018-09-17 20:34:26,2018-09-17 20:39:30,"WorkerA_#1",441
56,"B",2018-09-17 20:54:13,2018-09-17 20:54:13,2018-09-17 20:57:17,"WorkerB_#0",442
56,"C",2018-09-17 21:05:00,2018-09-17 21:05:00,2018-09-17 21:09:04,"WorkerC_#0",443
56,"D",NA,2018-09-17 21:13:40,2018-09-17 21:15:44,"WorkerD_#0",444
56,"E",NA,2018-09-17 21:15:44,2018-09-17 21:17:51,"WorkerE_#0",445
56,"F",NA,2018-09-17 21:17:51,2018-09-17 21:19:58,"WorkerF_#0",446
56,"G",NA,2018-09-17 21:19:58,2018-09-17 21:22:02,"WorkerG_#1",447
56,"H",NA,2018-09-17 21:22:02,2018-09-17 21:24:06,"WorkerH_#0",448
57,"A",NA,2018-09-17 20:45:30,2018-09-17 20:51:06,"WorkerA_#0",449
57,"B",2018-09-17 20:57:17,2018-09-17 20:57:17,2018-09-17 21:00:53,"WorkerB_#0",450
57,"C",2018-09-17 21:09:04,2018-09-17 21:09:04,2018-09-17 21:13:40,"WorkerC_#0",451
57,"D",NA,2018-09-17 21:15:44,2018-09-17 21:18:20,"WorkerD_#0",452
57,"E",NA,2018-09-17 21:18:20,2018-09-17 21:20:56,"WorkerE_#0",453
57,"F",NA,2018-09-17 21:20:56,2018-09-17 21:23:32,"WorkerF_#1",454
57,"G",NA,2018-09-17 21:23:32,2018-09-17 21:26:08,"WorkerG_#0",455
57,"H",NA,2018-09-17 21:26:08,2018-09-17 21:28:44,"WorkerH_#0",456
58,"A",NA,2018-09-17 20:57:06,2018-09-17 21:02:53,"WorkerA_#1",457
58,"B",2018-09-17 21:24:49,2018-09-17 21:24:49,2018-09-17 21:28:36,"WorkerB_#1",458
58,"C",2018-09-17 21:34:32,2018-09-17 21:34:32,2018-09-17 21:39:19,"WorkerC_#1",459
58,"D",NA,2018-09-17 21:47:15,2018-09-17 21:50:02,"WorkerD_#1",460
58,"E",NA,2018-09-17 21:50:02,2018-09-17 21:51:50,"WorkerE_#0",461
58,"F",NA,2018-09-17 21:51:50,2018-09-17 21:53:38,"WorkerF_#1",462
58,"G",NA,2018-09-17 21:53:38,2018-09-17 21:56:25,"WorkerG_#1",463
58,"H",NA,2018-09-17 21:56:25,2018-09-17 21:59:12,"WorkerH_#1",464
59,"A",NA,2018-09-17 21:08:53,2018-09-17 21:13:41,"WorkerA_#0",465
59,"B",2018-09-17 21:28:36,2018-09-17 21:28:36,2018-09-17 21:31:24,"WorkerB_#1",466
59,"C",2018-09-17 21:39:19,2018-09-17 21:39:19,2018-09-17 21:43:07,"WorkerC_#1",467
59,"D",NA,2018-09-17 21:47:15,2018-09-17 21:49:03,"WorkerD_#0",468
59,"E",NA,2018-09-17 21:49:03,2018-09-17 21:51:50,"WorkerE_#1",469
59,"F",NA,2018-09-17 21:51:50,2018-09-17 21:54:37,"WorkerF_#0",470
59,"G",NA,2018-09-17 21:54:37,2018-09-17 21:56:25,"WorkerG_#0",471
59,"H",NA,2018-09-17 21:56:25,2018-09-17 21:58:13,"WorkerH_#0",472
60,"A",NA,2018-09-17 21:19:41,2018-09-17 21:24:49,"WorkerA_#1",473
60,"B",2018-09-17 21:31:24,2018-09-17 21:31:24,2018-09-17 21:34:32,"WorkerB_#1",474
60,"C",2018-09-17 21:43:07,2018-09-17 21:43:07,2018-09-17 21:47:15,"WorkerC_#1",475
60,"D",NA,2018-09-17 21:49:03,2018-09-17 21:51:11,"WorkerD_#0",476
60,"E",NA,2018-09-17 21:51:50,2018-09-17 21:53:58,"WorkerE_#1",477
60,"F",NA,2018-09-17 21:53:58,2018-09-17 21:56:06,"WorkerF_#1",478
60,"G",NA,2018-09-17 21:56:25,2018-09-17 21:58:33,"WorkerG_#1",479
60,"H",NA,2018-09-17 21:58:33,2018-09-17 22:00:41,"WorkerH_#0",480
61,"A",NA,2018-09-17 21:30:49,2018-09-17 21:35:14,"WorkerA_#0",481
61,"B",2018-09-17 21:57:32,2018-09-17 21:57:32,2018-09-17 21:59:57,"WorkerB_#0",482
61,"C",2018-09-17 22:06:15,2018-09-17 22:06:15,2018-09-17 22:09:40,"WorkerC_#0",483
61,"D",NA,2018-09-17 22:17:58,2018-09-17 22:19:23,"WorkerD_#1",484
61,"E",NA,2018-09-17 22:19:23,2018-09-17 22:20:48,"WorkerE_#0",485
61,"F",NA,2018-09-17 22:20:48,2018-09-17 22:22:13,"WorkerF_#0",486
61,"G",NA,2018-09-17 22:22:13,2018-09-17 22:23:38,"WorkerG_#0",487
61,"H",NA,2018-09-17 22:23:38,2018-09-17 22:25:03,"WorkerH_#1",488
62,"A",NA,2018-09-17 21:41:14,2018-09-17 21:46:21,"WorkerA_#1",489
62,"B",2018-09-17 21:59:57,2018-09-17 21:59:57,2018-09-17 22:03:04,"WorkerB_#0",490
62,"C",2018-09-17 22:09:40,2018-09-17 22:09:40,2018-09-17 22:13:47,"WorkerC_#0",491
62,"D",NA,2018-09-17 22:17:58,2018-09-17 22:20:05,"WorkerD_#0",492
62,"E",NA,2018-09-17 22:20:05,2018-09-17 22:22:12,"WorkerE_#1",493
62,"F",NA,2018-09-17 22:22:12,2018-09-17 22:24:19,"WorkerF_#1",494
62,"G",NA,2018-09-17 22:24:19,2018-09-17 22:26:26,"WorkerG_#1",495
62,"H",NA,2018-09-17 22:26:26,2018-09-17 22:28:33,"WorkerH_#0",496
63,"A",NA,2018-09-17 21:52:21,2018-09-17 21:57:32,"WorkerA_#0",497
63,"B",2018-09-17 22:03:04,2018-09-17 22:03:04,2018-09-17 22:06:15,"WorkerB_#0",498
63,"C",2018-09-17 22:13:47,2018-09-17 22:13:47,2018-09-17 22:17:58,"WorkerC_#0",499
63,"D",NA,2018-09-17 22:19:23,2018-09-17 22:21:34,"WorkerD_#1",500
63,"E",NA,2018-09-17 22:21:34,2018-09-17 22:23:45,"WorkerE_#0",501
63,"F",NA,2018-09-17 22:23:45,2018-09-17 22:25:56,"WorkerF_#0",502
63,"G",NA,2018-09-17 22:25:56,2018-09-17 22:28:07,"WorkerG_#0",503
63,"H",NA,2018-09-17 22:28:07,2018-09-17 22:30:18,"WorkerH_#1",504
64,"A",NA,2018-09-17 22:03:32,2018-09-17 22:07:55,"WorkerA_#1",505
64,"B",2018-09-17 22:29:04,2018-09-17 22:29:04,2018-09-17 22:31:27,"WorkerB_#1",506
64,"C",2018-09-17 22:36:36,2018-09-17 22:36:36,2018-09-17 22:39:59,"WorkerC_#1",507
64,"D",NA,2018-09-17 22:47:08,2018-09-17 22:48:31,"WorkerD_#0",508
64,"E",NA,2018-09-17 22:48:31,2018-09-17 22:49:54,"WorkerE_#1",509
64,"F",NA,2018-09-17 22:49:54,2018-09-17 22:51:17,"WorkerF_#1",510
64,"G",NA,2018-09-17 22:51:17,2018-09-17 22:52:40,"WorkerG_#1",511
64,"H",NA,2018-09-17 22:52:40,2018-09-17 22:54:03,"WorkerH_#0",512
65,"A",NA,2018-09-17 22:13:55,2018-09-17 22:18:58,"WorkerA_#0",513
65,"B",2018-09-17 22:31:27,2018-09-17 22:31:27,2018-09-17 22:34:30,"WorkerB_#1",514
65,"C",2018-09-17 22:39:59,2018-09-17 22:39:59,2018-09-17 22:44:02,"WorkerC_#1",515
65,"D",NA,2018-09-17 22:47:08,2018-09-17 22:49:11,"WorkerD_#1",516
65,"E",NA,2018-09-17 22:49:11,2018-09-17 22:51:14,"WorkerE_#0",517
65,"F",NA,2018-09-17 22:51:17,2018-09-17 22:52:23,"WorkerF_#1",518
65,"G",NA,2018-09-17 22:52:23,2018-09-17 22:54:26,"WorkerG_#0",519
65,"H",NA,2018-09-17 22:54:26,2018-09-17 22:55:32,"WorkerH_#0",520
66,"A",NA,2018-09-17 22:24:58,2018-09-17 22:29:04,"WorkerA_#1",521
66,"B",2018-09-17 22:34:30,2018-09-17 22:34:30,2018-09-17 22:36:36,"WorkerB_#1",522
66,"C",2018-09-17 22:44:02,2018-09-17 22:44:02,2018-09-17 22:47:08,"WorkerC_#1",523
66,"D",NA,2018-09-17 22:48:31,2018-09-17 22:49:37,"WorkerD_#0",524
66,"E",NA,2018-09-17 22:49:54,2018-09-17 22:51:00,"WorkerE_#1",525
66,"F",NA,2018-09-17 22:51:00,2018-09-17 22:53:03,"WorkerF_#0",526
66,"G",NA,2018-09-17 22:53:03,2018-09-17 22:54:09,"WorkerG_#1",527
66,"H",NA,2018-09-17 22:54:09,2018-09-17 22:56:12,"WorkerH_#1",528
67,"A",NA,2018-09-17 22:35:04,2018-09-17 22:39:37,"WorkerA_#0",529
67,"B",2018-09-17 23:01:54,2018-09-17 23:01:54,2018-09-17 23:04:27,"WorkerB_#0",530
67,"C",2018-09-17 23:10:44,2018-09-17 23:10:44,2018-09-17 23:14:17,"WorkerC_#0",531
67,"D",NA,2018-09-17 23:22:34,2018-09-17 23:24:07,"WorkerD_#1",532
67,"E",NA,2018-09-17 23:24:07,2018-09-17 23:25:40,"WorkerE_#1",533
67,"F",NA,2018-09-17 23:25:40,2018-09-17 23:27:13,"WorkerF_#1",534
67,"G",NA,2018-09-17 23:27:13,2018-09-17 23:28:46,"WorkerG_#1",535
67,"H",NA,2018-09-17 23:28:46,2018-09-17 23:30:19,"WorkerH_#0",536
68,"A",NA,2018-09-17 22:45:37,2018-09-17 22:51:08,"WorkerA_#1",537
68,"B",2018-09-17 23:04:27,2018-09-17 23:04:27,2018-09-17 23:07:58,"WorkerB_#0",538
68,"C",2018-09-17 23:14:17,2018-09-17 23:14:17,2018-09-17 23:18:48,"WorkerC_#0",539
68,"D",NA,2018-09-17 23:22:34,2018-09-17 23:25:05,"WorkerD_#0",540
68,"E",NA,2018-09-17 23:25:05,2018-09-17 23:27:36,"WorkerE_#0",541
68,"F",NA,2018-09-17 23:27:36,2018-09-17 23:30:07,"WorkerF_#0",542
68,"G",NA,2018-09-17 23:30:07,2018-09-17 23:31:53,"WorkerG_#1",543
68,"H",NA,2018-09-17 23:31:53,2018-09-17 23:34:24,"WorkerH_#1",544
69,"A",NA,2018-09-17 22:57:08,2018-09-17 23:01:54,"WorkerA_#0",545
69,"B",2018-09-17 23:07:58,2018-09-17 23:07:58,2018-09-17 23:10:44,"WorkerB_#0",546
69,"C",2018-09-17 23:18:48,2018-09-17 23:18:48,2018-09-17 23:22:34,"WorkerC_#0",547
69,"D",NA,2018-09-17 23:24:07,2018-09-17 23:25:53,"WorkerD_#1",548
69,"E",NA,2018-09-17 23:25:53,2018-09-17 23:27:39,"WorkerE_#1",549
69,"F",NA,2018-09-17 23:27:39,2018-09-17 23:29:25,"WorkerF_#1",550
69,"G",NA,2018-09-17 23:29:25,2018-09-17 23:31:56,"WorkerG_#0",551
70,"A",NA,2018-09-17 23:07:54,2018-09-17 23:12:04,"WorkerA_#1",553
70,"B",2018-09-17 23:32:41,2018-09-17 23:32:41,2018-09-17 23:34:52,"WorkerB_#1",554
70,"C",2018-09-17 23:39:29,2018-09-17 23:39:29,2018-09-17 23:42:40,"WorkerC_#1",555
70,"D",NA,2018-09-17 23:49:18,2018-09-17 23:50:28,"WorkerD_#0",556
70,"E",NA,2018-09-17 23:50:28,2018-09-17 23:51:32,"WorkerE_#1",557
70,"F",NA,2018-09-17 23:51:32,2018-09-17 23:52:36,"WorkerF_#0",558
70,"G",NA,2018-09-17 23:52:36,2018-09-17 23:53:46,"WorkerG_#1",559
70,"H",NA,2018-09-17 23:53:46,2018-09-17 23:54:56,"WorkerH_#0",560
71,"A",NA,2018-09-17 23:18:04,2018-09-17 23:22:08,"WorkerA_#0",561
71,"B",2018-09-17 23:34:51,2018-09-17 23:34:51,2018-09-17 23:36:56,"WorkerB_#1",562
71,"C",2018-09-17 23:42:39,2018-09-17 23:42:39,2018-09-17 23:45:44,"WorkerC_#1",563
71,"D",NA,2018-09-17 23:49:18,2018-09-17 23:50:22,"WorkerD_#1",564
71,"E",NA,2018-09-17 23:50:22,2018-09-17 23:51:32,"WorkerE_#0",565
71,"F",NA,2018-09-17 23:51:32,2018-09-17 23:52:42,"WorkerF_#1",566
71,"G",NA,2018-09-17 23:52:42,2018-09-17 23:53:46,"WorkerG_#0",567
71,"H",NA,2018-09-17 23:53:46,2018-09-17 23:54:50,"WorkerH_#1",568
72,"A",NA,2018-09-17 23:28:08,2018-09-17 23:32:42,"WorkerA_#1",569
72,"B",2018-09-17 23:36:55,2018-09-17 23:36:55,2018-09-17 23:39:30,"WorkerB_#1",570
72,"C",2018-09-17 23:45:43,2018-09-17 23:45:43,2018-09-17 23:49:18,"WorkerC_#1",571
72,"D",NA,2018-09-17 23:50:22,2018-09-17 23:51:56,"WorkerD_#1",572
72,"E",NA,2018-09-17 23:51:56,2018-09-17 23:53:30,"WorkerE_#0",573
72,"F",NA,2018-09-17 23:53:30,2018-09-17 23:55:04,"WorkerF_#0",574
72,"G",NA,2018-09-17 23:55:04,2018-09-17 23:56:38,"WorkerG_#1",575
72,"H",NA,2018-09-17 23:56:38,2018-09-17 23:58:12,"WorkerH_#1",576
73,"A",NA,2018-09-17 23:38:42,2018-09-17 23:43:52,"WorkerA_#0",577
73,"B",2018-09-18 00:05:31,2018-09-18 00:05:31,2018-09-18 00:08:42,"WorkerB_#0",578
73,"C",2018-09-18 00:14:21,2018-09-18 00:14:21,2018-09-18 00:18:32,"WorkerC_#0",579
73,"D",NA,2018-09-18 00:26:12,2018-09-18 00:28:22,"WorkerD_#0",580
73,"E",NA,2018-09-18 00:28:22,2018-09-18 00:30:03,"WorkerE_#0",581
73,"F",NA,2018-09-18 00:30:03,2018-09-18 00:31:44,"WorkerF_#0",582
73,"G",NA,2018-09-18 00:31:44,2018-09-18 00:33:54,"WorkerG_#0",583
73,"H",NA,2018-09-18 00:33:54,2018-09-18 00:36:04,"WorkerH_#0",584
74,"A",NA,2018-09-17 23:49:52,2018-09-17 23:54:33,"WorkerA_#1",585
74,"B",2018-09-18 00:08:41,2018-09-18 00:08:41,2018-09-18 00:11:23,"WorkerB_#0",586
74,"C",2018-09-18 00:18:31,2018-09-18 00:18:31,2018-09-18 00:22:13,"WorkerC_#0",587
74,"D",NA,2018-09-18 00:26:12,2018-09-18 00:27:53,"WorkerD_#1",588
74,"E",NA,2018-09-18 00:27:53,2018-09-18 00:30:03,"WorkerE_#1",589
74,"F",NA,2018-09-18 00:30:03,2018-09-18 00:32:13,"WorkerF_#1",590
74,"G",NA,2018-09-18 00:32:13,2018-09-18 00:33:54,"WorkerG_#1",591
74,"H",NA,2018-09-18 00:33:54,2018-09-18 00:35:35,"WorkerH_#1",592
75,"A",NA,2018-09-18 00:00:33,2018-09-18 00:05:32,"WorkerA_#0",593
75,"B",2018-09-18 00:11:22,2018-09-18 00:11:22,2018-09-18 00:14:22,"WorkerB_#0",594
75,"C",2018-09-18 00:22:12,2018-09-18 00:22:12,2018-09-18 00:26:12,"WorkerC_#0",595
75,"D",NA,2018-09-18 00:27:53,2018-09-18 00:29:52,"WorkerD_#1",596
75,"E",NA,2018-09-18 00:30:03,2018-09-18 00:32:02,"WorkerE_#1",597
75,"F",NA,2018-09-18 00:32:02,2018-09-18 00:34:01,"WorkerF_#0",598
75,"G",NA,2018-09-18 00:34:01,2018-09-18 00:36:00,"WorkerG_#0",599
75,"H",NA,2018-09-18 00:36:00,2018-09-18 00:37:59,"WorkerH_#1",600
76,"A",NA,2018-09-18 00:11:32,2018-09-18 00:15:46,"WorkerA_#1",601
76,"B",2018-09-18 00:38:13,2018-09-18 00:38:13,2018-09-18 00:40:28,"WorkerB_#1",602
76,"C",2018-09-18 00:46:55,2018-09-18 00:46:55,2018-09-18 00:50:10,"WorkerC_#1",603
76,"D",NA,2018-09-18 00:58:38,2018-09-18 00:59:52,"WorkerD_#0",604
76,"E",NA,2018-09-18 00:59:52,2018-09-18 01:01:06,"WorkerE_#0",605
76,"F",NA,2018-09-18 01:01:06,2018-09-18 01:02:20,"WorkerF_#1",606
76,"G",NA,2018-09-18 01:02:20,2018-09-18 01:03:34,"WorkerG_#1",607
76,"H",NA,2018-09-18 01:03:34,2018-09-18 01:04:48,"WorkerH_#0",608
77,"A",NA,2018-09-18 00:21:46,2018-09-18 00:27:27,"WorkerA_#0",609
77,"B",2018-09-18 00:40:27,2018-09-18 00:40:27,2018-09-18 00:44:09,"WorkerB_#1",610
77,"C",2018-09-18 00:50:09,2018-09-18 00:50:09,2018-09-18 00:54:51,"WorkerC_#1",611
77,"D",NA,2018-09-18 00:58:38,2018-09-18 01:01:19,"WorkerD_#1",612
77,"E",NA,2018-09-18 01:01:19,2018-09-18 01:04:00,"WorkerE_#1",613
77,"F",NA,2018-09-18 01:04:00,2018-09-18 01:05:47,"WorkerF_#1",614
77,"G",NA,2018-09-18 01:05:47,2018-09-18 01:08:28,"WorkerG_#0",615
77,"H",NA,2018-09-18 01:08:28,2018-09-18 01:10:15,"WorkerH_#0",616
78,"A",NA,2018-09-18 00:33:27,2018-09-18 00:38:14,"WorkerA_#1",617
78,"B",2018-09-18 00:44:08,2018-09-18 00:44:08,2018-09-18 00:46:56,"WorkerB_#1",618
78,"C",2018-09-18 00:54:50,2018-09-18 00:54:50,2018-09-18 00:58:38,"WorkerC_#1",619
78,"D",NA,2018-09-18 00:59:52,2018-09-18 01:01:39,"WorkerD_#0",620
78,"E",NA,2018-09-18 01:01:39,2018-09-18 01:03:26,"WorkerE_#0",621
78,"F",NA,2018-09-18 01:03:26,2018-09-18 01:06:07,"WorkerF_#0",622
78,"G",NA,2018-09-18 01:06:07,2018-09-18 01:07:54,"WorkerG_#1",623
78,"H",NA,2018-09-18 01:07:54,2018-09-18 01:10:35,"WorkerH_#1",624
79,"A",NA,2018-09-18 00:44:14,2018-09-18 00:48:28,"WorkerA_#0",625
79,"B",2018-09-18 01:10:25,2018-09-18 01:10:25,2018-09-18 01:12:40,"WorkerB_#0",626
79,"C",2018-09-18 01:18:37,2018-09-18 01:18:37,2018-09-18 01:21:52,"WorkerC_#0",627
79,"D",NA,2018-09-18 01:29:50,2018-09-18 01:31:04,"WorkerD_#1",628
79,"E",NA,2018-09-18 01:31:04,2018-09-18 01:32:18,"WorkerE_#0",629
79,"F",NA,2018-09-18 01:32:18,2018-09-18 01:33:32,"WorkerF_#1",630
79,"G",NA,2018-09-18 01:33:32,2018-09-18 01:34:46,"WorkerG_#1",631
79,"H",NA,2018-09-18 01:34:46,2018-09-18 01:36:00,"WorkerH_#0",632
80,"A",NA,2018-09-18 00:54:28,2018-09-18 00:59:01,"WorkerA_#1",633
80,"B",2018-09-18 01:12:39,2018-09-18 01:12:39,2018-09-18 01:15:13,"WorkerB_#0",634
80,"C",2018-09-18 01:21:51,2018-09-18 01:21:51,2018-09-18 01:25:25,"WorkerC_#0",635
80,"D",NA,2018-09-18 01:29:50,2018-09-18 01:31:23,"WorkerD_#0",636
80,"E",NA,2018-09-18 01:31:23,2018-09-18 01:32:56,"WorkerE_#1",637
80,"F",NA,2018-09-18 01:32:56,2018-09-18 01:34:29,"WorkerF_#0",638
80,"G",NA,2018-09-18 01:34:29,2018-09-18 01:36:02,"WorkerG_#0",639
80,"H",NA,2018-09-18 01:36:02,2018-09-18 01:37:35,"WorkerH_#1",640
81,"A",NA,2018-09-18 01:05:01,2018-09-18 01:10:26,"WorkerA_#0",641
81,"B",2018-09-18 01:15:12,2018-09-18 01:15:12,2018-09-18 01:18:38,"WorkerB_#0",642
81,"C",2018-09-18 01:25:24,2018-09-18 01:25:24,2018-09-18 01:29:50,"WorkerC_#0",643
81,"D",NA,2018-09-18 01:31:04,2018-09-18 01:33:29,"WorkerD_#1",644
81,"E",NA,2018-09-18 01:33:29,2018-09-18 01:35:54,"WorkerE_#0",645
81,"F",NA,2018-09-18 01:35:54,2018-09-18 01:38:19,"WorkerF_#1",646
81,"G",NA,2018-09-18 01:38:19,2018-09-18 01:40:44,"WorkerG_#1",647
81,"H",NA,2018-09-18 01:40:44,2018-09-18 01:43:09,"WorkerH_#0",648
82,"A",NA,2018-09-18 01:16:26,2018-09-18 01:21:39,"WorkerA_#1",649
82,"B",2018-09-18 01:44:48,2018-09-18 01:44:48,2018-09-18 01:48:02,"WorkerB_#1",650
82,"C",2018-09-18 01:55:11,2018-09-18 01:55:11,2018-09-18 01:59:25,"WorkerC_#1",651
82,"D",NA,2018-09-18 02:08:35,2018-09-18 02:10:48,"WorkerD_#0",652
82,"E",NA,2018-09-18 02:10:48,2018-09-18 02:13:01,"WorkerE_#1",653
82,"F",NA,2018-09-18 02:13:01,2018-09-18 02:15:14,"WorkerF_#0",654
82,"G",NA,2018-09-18 02:15:14,2018-09-18 02:17:27,"WorkerG_#0",655
82,"H",NA,2018-09-18 02:17:27,2018-09-18 02:19:40,"WorkerH_#1",656
83,"A",NA,2018-09-18 01:27:39,2018-09-18 01:33:17,"WorkerA_#0",657
83,"B",2018-09-18 01:48:01,2018-09-18 01:48:01,2018-09-18 01:51:40,"WorkerB_#1",658
83,"C",2018-09-18 01:59:24,2018-09-18 01:59:24,2018-09-18 02:04:03,"WorkerC_#1",659
83,"D",NA,2018-09-18 02:08:35,2018-09-18 02:11:13,"WorkerD_#1",660
83,"E",NA,2018-09-18 02:11:13,2018-09-18 02:13:51,"WorkerE_#0",661
83,"F",NA,2018-09-18 02:13:51,2018-09-18 02:16:29,"WorkerF_#1",662
83,"G",NA,2018-09-18 02:16:29,2018-09-18 02:19:07,"WorkerG_#1",663
83,"H",NA,2018-09-18 02:19:07,2018-09-18 02:21:45,"WorkerH_#0",664
84,"A",NA,2018-09-18 01:39:17,2018-09-18 01:44:49,"WorkerA_#1",665
84,"B",2018-09-18 01:51:39,2018-09-18 01:51:39,2018-09-18 01:55:12,"WorkerB_#1",666
84,"C",2018-09-18 02:04:02,2018-09-18 02:04:02,2018-09-18 02:08:35,"WorkerC_#1",667
84,"D",NA,2018-09-18 02:10:48,2018-09-18 02:13:20,"WorkerD_#0",668
84,"E",NA,2018-09-18 02:13:20,2018-09-18 02:15:52,"WorkerE_#1",669
84,"F",NA,2018-09-18 02:15:52,2018-09-18 02:18:24,"WorkerF_#0",670
84,"G",NA,2018-09-18 02:18:24,2018-09-18 02:20:56,"WorkerG_#0",671
84,"H",NA,2018-09-18 02:20:56,2018-09-18 02:23:28,"WorkerH_#1",672
85,"A",NA,2018-09-18 01:50:49,2018-09-18 01:56:20,"WorkerA_#0",673
85,"B",2018-09-18 02:19:03,2018-09-18 02:19:03,2018-09-18 02:22:35,"WorkerB_#0",674
85,"C",2018-09-18 02:29:18,2018-09-18 02:29:18,2018-09-18 02:33:50,"WorkerC_#0",675
85,"D",NA,2018-09-18 02:42:34,2018-09-18 02:45:05,"WorkerD_#1",676
85,"E",NA,2018-09-18 02:45:05,2018-09-18 02:47:26,"WorkerE_#1",677
85,"F",NA,2018-09-18 02:47:26,2018-09-18 02:49:47,"WorkerF_#0",678
85,"G",NA,2018-09-18 02:49:47,2018-09-18 02:52:18,"WorkerG_#1",679
85,"H",NA,2018-09-18 02:52:18,2018-09-18 02:54:49,"WorkerH_#0",680
86,"A",NA,2018-09-18 02:02:20,2018-09-18 02:07:41,"WorkerA_#1",681
86,"B",2018-09-18 02:22:34,2018-09-18 02:22:34,2018-09-18 02:25:56,"WorkerB_#0",682
86,"C",2018-09-18 02:33:49,2018-09-18 02:33:49,2018-09-18 02:38:11,"WorkerC_#0",683
86,"D",NA,2018-09-18 02:42:34,2018-09-18 02:44:55,"WorkerD_#0",684
86,"E",NA,2018-09-18 02:44:55,2018-09-18 02:47:26,"WorkerE_#0",685
86,"F",NA,2018-09-18 02:47:26,2018-09-18 02:49:57,"WorkerF_#1",686
86,"G",NA,2018-09-18 02:49:57,2018-09-18 02:52:18,"WorkerG_#0",687
86,"H",NA,2018-09-18 02:52:18,2018-09-18 02:54:39,"WorkerH_#1",688
87,"A",NA,2018-09-18 02:13:41,2018-09-18 02:19:04,"WorkerA_#0",689
87,"B",2018-09-18 02:25:55,2018-09-18 02:25:55,2018-09-18 02:29:19,"WorkerB_#0",690
87,"C",2018-09-18 02:38:10,2018-09-18 02:38:10,2018-09-18 02:42:34,"WorkerC_#0",691
87,"D",NA,2018-09-18 02:44:55,2018-09-18 02:47:18,"WorkerD_#0",692
87,"E",NA,2018-09-18 02:47:26,2018-09-18 02:49:49,"WorkerE_#0",693
87,"F",NA,2018-09-18 02:49:49,2018-09-18 02:52:12,"WorkerF_#0",694
87,"G",NA,2018-09-18 02:52:18,2018-09-18 02:54:41,"WorkerG_#1",695
87,"H",NA,2018-09-18 02:54:41,2018-09-18 02:57:04,"WorkerH_#1",696
88,"A",NA,2018-09-18 02:25:04,2018-09-18 02:29:44,"WorkerA_#1",697
88,"B",2018-09-18 02:50:29,2018-09-18 02:50:29,2018-09-18 02:53:10,"WorkerB_#1",698
88,"C",2018-09-18 02:57:55,2018-09-18 02:57:55,2018-09-18 03:01:36,"WorkerC_#1",699
88,"D",NA,2018-09-18 03:08:22,2018-09-18 03:10:02,"WorkerD_#1",700
88,"E",NA,2018-09-18 03:10:02,2018-09-18 03:11:31,"WorkerE_#0",701
88,"F",NA,2018-09-18 03:11:31,2018-09-18 03:13:00,"WorkerF_#0",702
88,"G",NA,2018-09-18 03:13:00,2018-09-18 03:14:40,"WorkerG_#0",703
88,"H",NA,2018-09-18 03:14:40,2018-09-18 03:16:20,"WorkerH_#0",704
89,"A",NA,2018-09-18 02:35:44,2018-09-18 02:40:13,"WorkerA_#0",705
89,"B",2018-09-18 02:53:09,2018-09-18 02:53:09,2018-09-18 02:55:39,"WorkerB_#1",706
89,"C",2018-09-18 03:01:35,2018-09-18 03:01:35,2018-09-18 03:05:05,"WorkerC_#1",707
89,"D",NA,2018-09-18 03:08:22,2018-09-18 03:09:51,"WorkerD_#0",708
89,"E",NA,2018-09-18 03:09:51,2018-09-18 03:11:31,"WorkerE_#1",709
89,"F",NA,2018-09-18 03:11:31,2018-09-18 03:13:11,"WorkerF_#1",710
89,"G",NA,2018-09-18 03:13:11,2018-09-18 03:14:40,"WorkerG_#1",711
89,"H",NA,2018-09-18 03:14:40,2018-09-18 03:16:09,"WorkerH_#1",712
90,"A",NA,2018-09-18 02:46:13,2018-09-18 02:50:30,"WorkerA_#1",713
90,"B",2018-09-18 02:55:38,2018-09-18 02:55:38,2018-09-18 02:57:56,"WorkerB_#1",714
90,"C",2018-09-18 03:05:04,2018-09-18 03:05:04,2018-09-18 03:08:22,"WorkerC_#1",715
90,"D",NA,2018-09-18 03:09:51,2018-09-18 03:11:08,"WorkerD_#0",716
90,"E",NA,2018-09-18 03:11:31,2018-09-18 03:12:48,"WorkerE_#1",717
90,"F",NA,2018-09-18 03:13:00,2018-09-18 03:14:17,"WorkerF_#0",718
90,"G",NA,2018-09-18 03:14:40,2018-09-18 03:15:57,"WorkerG_#0",719
90,"H",NA,2018-09-18 03:16:09,2018-09-18 03:17:26,"WorkerH_#1",720
91,"A",NA,2018-09-18 02:56:30,2018-09-18 03:01:56,"WorkerA_#0",721
91,"B",2018-09-18 03:24:56,2018-09-18 03:24:56,2018-09-18 03:28:23,"WorkerB_#0",722
91,"C",2018-09-18 03:35:23,2018-09-18 03:35:23,2018-09-18 03:39:50,"WorkerC_#0",723
91,"D",NA,2018-09-18 03:48:51,2018-09-18 03:51:17,"WorkerD_#1",724
91,"E",NA,2018-09-18 03:51:17,2018-09-18 03:53:43,"WorkerE_#0",725
91,"F",NA,2018-09-18 03:53:43,2018-09-18 03:56:09,"WorkerF_#1",726
91,"G",NA,2018-09-18 03:56:09,2018-09-18 03:58:35,"WorkerG_#1",727
91,"H",NA,2018-09-18 03:58:35,2018-09-18 04:01:01,"WorkerH_#0",728
92,"A",NA,2018-09-18 03:07:56,2018-09-18 03:13:26,"WorkerA_#1",729
92,"B",2018-09-18 03:28:22,2018-09-18 03:28:22,2018-09-18 03:31:53,"WorkerB_#0",730
92,"C",2018-09-18 03:39:49,2018-09-18 03:39:49,2018-09-18 03:44:20,"WorkerC_#0",731
92,"D",NA,2018-09-18 03:48:51,2018-09-18 03:51:21,"WorkerD_#0",732
92,"E",NA,2018-09-18 03:51:21,2018-09-18 03:53:51,"WorkerE_#1",733
92,"F",NA,2018-09-18 03:53:51,2018-09-18 03:56:21,"WorkerF_#0",734
92,"G",NA,2018-09-18 03:56:21,2018-09-18 03:58:51,"WorkerG_#0",735
92,"H",NA,2018-09-18 03:58:51,2018-09-18 04:01:21,"WorkerH_#1",736
93,"A",NA,2018-09-18 03:19:26,2018-09-18 03:24:57,"WorkerA_#0",737
93,"B",2018-09-18 03:31:52,2018-09-18 03:31:52,2018-09-18 03:35:24,"WorkerB_#0",738
93,"C",2018-09-18 03:44:19,2018-09-18 03:44:19,2018-09-18 03:48:51,"WorkerC_#0",739
93,"D",NA,2018-09-18 03:51:17,2018-09-18 03:53:48,"WorkerD_#1",740
93,"E",NA,2018-09-18 03:53:48,2018-09-18 03:56:19,"WorkerE_#0",741
93,"F",NA,2018-09-18 03:56:19,2018-09-18 03:58:50,"WorkerF_#1",742
93,"G",NA,2018-09-18 03:58:50,2018-09-18 04:01:21,"WorkerG_#1",743
93,"H",NA,2018-09-18 04:01:21,2018-09-18 04:03:52,"WorkerH_#0",744
94,"A",NA,2018-09-18 03:30:57,2018-09-18 03:35:10,"WorkerA_#1",745
94,"B",2018-09-18 03:56:27,2018-09-18 03:56:27,2018-09-18 03:58:41,"WorkerB_#1",746
94,"C",2018-09-18 04:03:58,2018-09-18 04:03:58,2018-09-18 04:07:12,"WorkerC_#1",747
94,"D",NA,2018-09-18 04:14:30,2018-09-18 04:15:43,"WorkerD_#0",748
94,"E",NA,2018-09-18 04:15:43,2018-09-18 04:16:52,"WorkerE_#0",749
94,"F",NA,2018-09-18 04:16:52,2018-09-18 04:18:01,"WorkerF_#1",750
94,"G",NA,2018-09-18 04:18:01,2018-09-18 04:19:14,"WorkerG_#0",751
94,"H",NA,2018-09-18 04:19:14,2018-09-18 04:20:27,"WorkerH_#1",752
95,"A",NA,2018-09-18 03:41:10,2018-09-18 03:45:19,"WorkerA_#0",753
95,"B",2018-09-18 03:58:40,2018-09-18 03:58:40,2018-09-18 04:00:50,"WorkerB_#1",754
95,"C",2018-09-18 04:07:11,2018-09-18 04:07:11,2018-09-18 04:10:21,"WorkerC_#1",755
95,"D",NA,2018-09-18 04:14:30,2018-09-18 04:15:39,"WorkerD_#1",756
95,"E",NA,2018-09-18 04:15:39,2018-09-18 04:16:52,"WorkerE_#1",757
95,"F",NA,2018-09-18 04:16:52,2018-09-18 04:18:05,"WorkerF_#0",758
95,"G",NA,2018-09-18 04:18:05,2018-09-18 04:19:14,"WorkerG_#1",759
95,"H",NA,2018-09-18 04:19:14,2018-09-18 04:20:23,"WorkerH_#0",760
96,"A",NA,2018-09-18 03:51:19,2018-09-18 03:56:28,"WorkerA_#1",761
96,"B",2018-09-18 04:00:49,2018-09-18 04:00:49,2018-09-18 04:03:59,"WorkerB_#1",762
96,"C",2018-09-18 04:10:20,2018-09-18 04:10:20,2018-09-18 04:14:30,"WorkerC_#1",763
96,"D",NA,2018-09-18 04:15:39,2018-09-18 04:17:48,"WorkerD_#1",764
96,"E",NA,2018-09-18 04:17:48,2018-09-18 04:19:57,"WorkerE_#1",765
96,"F",NA,2018-09-18 04:19:57,2018-09-18 04:22:06,"WorkerF_#1",766
96,"G",NA,2018-09-18 04:22:06,2018-09-18 04:24:15,"WorkerG_#0",767
96,"H",NA,2018-09-18 04:24:15,2018-09-18 04:26:24,"WorkerH_#0",768
97,"A",NA,2018-09-18 04:02:28,2018-09-18 04:08:10,"WorkerA_#0",769
97,"B",2018-09-18 04:29:12,2018-09-18 04:29:12,2018-09-18 04:32:55,"WorkerB_#0",770
97,"C",2018-09-18 04:37:57,2018-09-18 04:37:57,2018-09-18 04:42:40,"WorkerC_#0",771
97,"D",NA,2018-09-18 04:49:43,2018-09-18 04:52:25,"WorkerD_#0",772
97,"E",NA,2018-09-18 04:52:25,2018-09-18 04:54:02,"WorkerE_#1",773
97,"F",NA,2018-09-18 04:54:02,2018-09-18 04:55:39,"WorkerF_#1",774
97,"G",NA,2018-09-18 04:55:39,2018-09-18 04:58:21,"WorkerG_#1",775
97,"H",NA,2018-09-18 04:58:21,2018-09-18 05:01:03,"WorkerH_#1",776
98,"A",NA,2018-09-18 04:14:10,2018-09-18 04:18:47,"WorkerA_#1",777
98,"B",2018-09-18 04:32:54,2018-09-18 04:32:54,2018-09-18 04:35:32,"WorkerB_#0",778
98,"C",2018-09-18 04:42:39,2018-09-18 04:42:39,2018-09-18 04:46:17,"WorkerC_#0",779
98,"D",NA,2018-09-18 04:49:43,2018-09-18 04:51:20,"WorkerD_#1",780
98,"E",NA,2018-09-18 04:51:20,2018-09-18 04:54:02,"WorkerE_#0",781
98,"F",NA,2018-09-18 04:54:02,2018-09-18 04:56:44,"WorkerF_#0",782
98,"G",NA,2018-09-18 04:56:44,2018-09-18 04:58:21,"WorkerG_#0",783
98,"H",NA,2018-09-18 04:58:21,2018-09-18 04:59:58,"WorkerH_#0",784
99,"A",NA,2018-09-18 04:24:47,2018-09-18 04:29:13,"WorkerA_#0",785
99,"B",2018-09-18 04:35:31,2018-09-18 04:35:31,2018-09-18 04:37:58,"WorkerB_#0",786
99,"C",2018-09-18 04:46:16,2018-09-18 04:46:16,2018-09-18 04:49:43,"WorkerC_#0",787
99,"D",NA,2018-09-18 04:51:20,2018-09-18 04:52:46,"WorkerD_#1",788
99,"E",NA,2018-09-18 04:54:02,2018-09-18 04:55:28,"WorkerE_#0",789
99,"F",NA,2018-09-18 04:55:39,2018-09-18 04:57:05,"WorkerF_#1",790
99,"G",NA,2018-09-18 04:58:21,2018-09-18 04:59:47,"WorkerG_#1",791
99,"H",NA,2018-09-18 04:59:58,2018-09-18 05:01:24,"WorkerH_#0",792
100,"A",NA,2018-09-18 04:35:13,2018-09-18 04:39:59,"WorkerA_#1",793
100,"B",2018-09-18 05:01:31,2018-09-18 05:01:31,2018-09-18 05:04:18,"WorkerB_#1",794
100,"C",2018-09-18 05:09:50,2018-09-18 05:09:50,2018-09-18 05:13:37,"WorkerC_#1",795
100,"D",NA,2018-09-18 05:21:10,2018-09-18 05:22:56,"WorkerD_#0",796
100,"E",NA,2018-09-18 05:22:56,2018-09-18 05:24:42,"WorkerE_#1",797
100,"F",NA,2018-09-18 05:24:42,2018-09-18 05:26:28,"WorkerF_#0",798
100,"G",NA,2018-09-18 05:26:28,2018-09-18 05:28:14,"WorkerG_#0",799
100,"H",NA,2018-09-18 05:28:14,2018-09-18 05:30:00,"WorkerH_#1",800